username,age,address,email,occupation
fisherrachel,31,"9283 Kathleen Estates Apt. 769, Christopherstad, FM 57339",kellysmith@example.com,Fashion designer
abigailyoung,36,"90791 Washington Square, Christinetown, IN 90828",richard56@example.org,"Geologist, engineering"
natalie87,26,"2479 Burke Parkways Suite 547, Port Crystal, NJ 81055",bradhorne@example.net,Interior and spatial designer
carrillojeffrey,46,"279 Ronald Harbor Apt. 671, North Kevin, MH 80220",alexandersean@example.com,Food technologist
xjones,53,"223 Williams Field Suite 167, Jacksonmouth, MP 24706",sarahshah@example.net,Senior tax professional/tax inspector
pollardlaura,61,"497 Cooper Ports Suite 697, Jenniferville, NH 75106",gabriel12@example.org,Immigration officer
edward68,43,"99152 Nicolas Park, North Shannonstad, OR 41598",dylanbaker@example.org,Multimedia programmer
psmith,70,"9338 Jonathan Mountains, Danielville, IA 80862",robin66@example.net,"Doctor, hospital"
sheri70,75,"Unit 9585 Box 8125, DPO AE 35268",katherine88@example.com,Artist
lwalsh,48,"46382 Church Square, Perezside, DE 56466",ncastillo@example.com,Statistician
william96,74,"54939 Randy Locks, Santosfort, MA 92008",woodcarol@example.net,Dancer
jensencarol,79,"02138 Darryl Trafficway Suite 709, Jordanshire, MH 95298",mcneiljoseph@example.org,Armed forces logistics/support/administrative officer
brittany75,29,"58230 Rebecca Oval Suite 001, West Jeffrey, VT 71194",jamiehendrix@example.org,"Programme researcher, broadcasting/film/video"
franklinkathryn,55,"Unit 0458 Box 9109, DPO AA 35495",tyler49@example.com,Sports therapist
jsmith,79,"35821 George Manor, North Codyport, ID 75646",xweber@example.net,"Conservation officer, nature"
larsontracy,67,"402 Guerrero Mews, Reneeton, AK 36948",pcopeland@example.com,"Producer, radio"
nthomas,23,"4471 Patterson Squares, South Kristen, NJ 45739",patrick18@example.org,Toxicologist
edwardsnicole,68,"896 Jose Causeway Suite 885, West Jasmine, MH 82316",gguzman@example.com,Paramedic
william50,34,"1845 Hunt Parks Suite 349, New Jamesfort, CO 19963",elizabethbarber@example.com,Broadcast engineer
byoung,38,"71000 Jonathan Summit, West Anthonyburgh, SD 10358",timothywaller@example.org,"Doctor, general practice"
ubrown,36,"Unit 0802 Box 2766, DPO AA 51490",sherry84@example.com,Chief Executive Officer
iwarren,71,"45029 Sheila Stravenue Apt. 021, Lake Patrickbury, FM 89721",cruzjoseph@example.org,International aid/development worker
brandy30,68,"0531 Rocha Spring Apt. 321, Port Olivia, FM 72566",paulrivers@example.com,"Producer, radio"
michael80,19,"7688 Jonathan Trafficway Apt. 157, New Tamara, MD 48917",jtravis@example.com,Recycling officer
cwillis,74,"602 Smith Ports, North Josefurt, MT 17814",matthew68@example.net,"Horticulturist, amenity"
marshpaul,30,"649 Heather Mall, North William, ME 16989",xjones@example.net,"Therapist, horticultural"
jesseortega,74,"0025 Brittany Flats, Lake Lisa, OH 92920",griffinruben@example.com,"Therapist, sports"
aallen,56,"Unit 1866 Box 8902, DPO AP 62440",hopkinsruth@example.com,Psychiatric nurse
vortega,35,"356 Stevens Flat Suite 837, Mcdonaldfurt, FM 23010",penaantonio@example.com,Public affairs consultant
vking,34,"22810 George Bridge, East Maryborough, DC 61658",hernandezandrew@example.org,Best boy
reginald34,44,"69099 Barbara Ramp Suite 153, Marcusfurt, WV 05499",melinda49@example.org,Cartographer
seth78,68,"49746 Pamela Isle, Robertburgh, MN 82935",cynthia76@example.com,Financial planner
williamsamber,55,"7677 Shea Ville Apt. 215, Fisherfurt, VA 41783",kimberlyanderson@example.org,Lobbyist
xgonzalez,72,"202 Gordon Wells Apt. 332, Brittanyside, KS 96044",jeffrey25@example.com,Osteopath
erictate,24,"6986 Amanda Inlet Apt. 768, Codybury, NC 07653",hendrixdavid@example.com,Minerals surveyor
travis43,27,"PSC 9708, Box 4386, APO AP 42458",rachel96@example.com,Arts development officer
peterperez,26,"46280 Williams Lodge Apt. 632, North Bianca, GA 01060",victoriavance@example.net,Primary school teacher
megan50,65,"83089 Howard Brook, Elizabethbury, ID 09106",shawngarcia@example.net,"Lecturer, higher education"
hallvictoria,29,"USCGC Davis, FPO AE 08444",wilsonsara@example.com,Press photographer
mark01,74,"56975 Luis Islands, Howellside, MS 96514",watkinsmichael@example.net,Advertising account planner
watkinsheather,21,"2672 Michael Fall Apt. 944, Lake Jennifermouth, NJ 05340",xwalker@example.org,Research scientist (physical sciences)
skim,43,"1066 Tiffany Branch Suite 243, East Robert, IA 24046",acostabonnie@example.com,"Administrator, arts"
qkelly,80,"4964 Carroll Islands, Benjaminborough, PA 21082",scott13@example.org,"Buyer, industrial"
christopherbenjamin,53,"849 Yvonne Oval Suite 780, Lucasberg, WA 31130",michaelduran@example.net,Insurance risk surveyor
lynncalderon,52,"1689 Jennifer Shoals, South Allison, AS 11365",hfarmer@example.com,"Accountant, chartered management"
turnerderek,74,"28996 Griffith Club Suite 522, Natalieburgh, ID 51849",allison97@example.net,Physiological scientist
ingramdustin,46,"5810 Green Curve Suite 221, West Ashleyport, IA 93048",chad79@example.net,Fashion designer
fdaniels,64,"90552 Moore Circle, Smithbury, OK 43332",smithdarrell@example.net,"Engineer, civil (consulting)"
pfisher,31,"99955 Harris Dam Suite 760, West Michael, OR 32574",bgonzalez@example.org,Trade union research officer
rebeccawhite,80,"586 Mccormick Motorway Suite 056, North Christine, KY 37551",richard45@example.org,Learning mentor
hobbserica,35,"4067 Wright Springs, East Christopher, HI 20540",mendezrobert@example.org,Sports therapist
raymondlewis,53,"714 Christopher Orchard Apt. 647, East Jesse, CA 46428",frankramirez@example.com,Analytical chemist
michaelcarney,65,"4380 Jessica Divide Apt. 966, Welchstad, GA 64790",fthompson@example.net,Air traffic controller
dalexander,29,"99923 Tina Path Apt. 855, Torreston, TX 63613",ufrost@example.net,Music therapist
leebrown,41,"9453 Edwards Islands, East Brandy, WI 61335",cantrellrobert@example.net,Media buyer
michaelmatthews,78,"8396 Nash Center, Mackfort, FL 48832",shahnicole@example.org,Television camera operator
gbaker,38,"4025 Buchanan Haven, South Ericville, ID 39428",uhall@example.net,Cabin crew
jmorris,48,"5951 Christopher Motorway, Ericfort, VA 92687",ramirezheather@example.com,Public house manager
usnyder,52,"8970 Carolyn Spring, Williamview, NY 78481",brucejillian@example.net,"Production designer, theatre/television/film"
garciatamara,78,"102 Levi Mills Apt. 808, New Nicholas, CO 35943",hsmith@example.org,Chartered accountant
rlove,79,"579 Williams Forges, West Judy, PA 22994",madisonrivera@example.org,Warden/ranger
stephanie63,57,"741 Allen Manor, Lake Kristinside, MP 68077",johnduarte@example.org,Customer service manager
alexis35,51,"4803 Andrea Bridge, Port Jermaine, VA 96857",pdowns@example.com,Medical physicist
wwilkins,27,"49990 Teresa Groves Apt. 544, Nelsonton, WV 90503",kmorrison@example.org,Patent examiner
raymondwong,25,"PSC 6559, Box 2766, APO AP 00900",kcain@example.net,Theatre director
gary02,61,"9472 Connie Fort, Reedberg, WA 87468",brianbrown@example.com,Glass blower/designer
michellelong,49,"1011 Jackson Trail Apt. 104, East Victoria, UT 11756",mahoneypatricia@example.net,Trade union research officer
travismartin,65,"899 Williams Fords, North Juliemouth, TX 24704",ocurtis@example.org,English as a second language teacher
emmathomas,74,"64324 Susan Forks Apt. 650, Port Jennifer, FM 47476",qaguilar@example.com,Applications developer
jessica12,73,"75953 Lori Key, Hallborough, MN 92023",greerrobert@example.org,Retail merchandiser
benjamin44,25,"4145 Brandon Fort Suite 452, South Robert, WY 68705",marc57@example.org,Lobbyist
dbuckley,71,"16642 Serrano Pike, Changmouth, KY 53771",matthewking@example.com,Chemical engineer
rduran,27,"4652 Snyder Falls, North Brettborough, LA 02781",simmonssteven@example.org,"Surveyor, rural practice"
ronald49,33,"7853 Chase Key Suite 167, Katherineport, IL 08446",james53@example.org,Recycling officer
joel44,23,"6818 James Curve Apt. 272, North Jose, LA 24358",stanleyweber@example.com,"Pharmacist, community"
sullivanmichael,27,"25990 Williams Landing, Smithburgh, GU 44026",sarahcole@example.net,Television/film/video producer
brittany59,43,"6184 Winters Camp Apt. 757, Port Michaelburgh, OK 84036",josephbrown@example.net,"Geneticist, molecular"
reynoldsalexander,60,"Unit 5265 Box 7507, DPO AP 67495",lholmes@example.com,Financial controller
nicole67,65,"31753 Ferguson Fords Suite 497, New Kimberlyfort, FL 81152",whitetodd@example.org,"Psychologist, forensic"
mullenrhonda,70,"USCGC Gordon, FPO AP 98142",rnelson@example.net,"Chemist, analytical"
qrosario,40,"338 Benson Street, Lake Michael, NC 55207",christine25@example.net,Wellsite geologist
angelaharper,36,"1246 Thomas Pines Suite 556, Port Brian, NC 18451",zlawrence@example.net,Commercial art gallery manager
kelly77,71,"97346 Owens Valley, Daniellebury, WA 09999",lisajones@example.com,"Administrator, local government"
david50,28,"060 Steven Squares Suite 788, South Kristopherbury, WY 82066",todd41@example.org,"Designer, ceramics/pottery"
patrick55,36,"844 Phyllis Overpass, West Tracyport, HI 65560",rogerscody@example.org,Bookseller
tiffany15,29,"5788 Vanessa Circles Suite 263, Andrewmouth, MI 51636",hughesadam@example.org,"Scientist, product/process development"
sgibson,33,"USS Davis, FPO AP 39571",williegutierrez@example.net,"Conservator, museum/gallery"
jacksonvanessa,29,"4544 Espinoza Mission Apt. 998, Lake Johnview, OR 76067",lmoore@example.net,"Librarian, public"
austin10,58,"785 Watson Unions, Lake Gary, IN 01557",fprice@example.org,"Engineer, technical sales"
phillipsshannon,28,"87969 Brown Knoll, Lake Deborah, SD 01651",manuel38@example.org,Animal technologist
pkim,62,"255 Sarah Points, Davisshire, PW 72856",paulhenry@example.com,Information systems manager
jeffrey02,28,"06437 James Ridges, Samanthaside, VT 89735",dawn14@example.com,"Surveyor, commercial/residential"
grogers,32,"PSC 2332, Box 4028, APO AA 80706",samanthahill@example.net,Banker
ygibson,24,"16956 Heather Shores Suite 767, New Brandonfort, PA 70655",qgomez@example.org,"Librarian, public"
jill03,75,"92979 Romero Springs, South Michaelfurt, DC 55970",nrichardson@example.net,Rural practice surveyor
qgreen,51,"39128 Weaver Crossing Suite 013, West Elizabethborough, MO 76853",colleen74@example.net,"Engineer, building services"
scollins,27,"094 Donald Stream Apt. 649, West James, NM 86618",mrussell@example.org,Immunologist
kblake,26,"3182 Douglas Dam, Mayerville, SD 88898",wwilliams@example.org,Ergonomist
ramirezkenneth,34,"61184 Nicole Garden, Port Rebekah, SC 07796",william30@example.com,Mechanical engineer
halljerry,24,"43388 Monica Ridges Apt. 936, West Christopherstad, WY 07837",ruizmary@example.com,"Psychologist, sport and exercise"
